{"cameraMode":{"drawMode":0,"name":"Shaded","section":"Shading Mode"},"sceneLighting":true,"audioPlay":false,"sceneViewState":{"m_AlwaysRefresh":false,"showFog":true,"showSkybox":true,"showFlares":true,"showImageEffects":true,"showParticleSystems":true,"showVisualEffectGraphs":true,"m_FxEnabled":true},"in2DMode":false,"pivot":{"x":13.72734260559082,"y":0.7220348119735718,"z":28.16460418701172},"rotation":{"x":0.005399991758167744,"y":0.02399357222020626,"z":-0.0001293015811825171,"w":0.9996942281723023},"size":36.45089340209961,"orthographic":false}