{"cameraMode":{"drawMode":0,"name":"Shaded","section":"Shading Mode"},"sceneLighting":true,"audioPlay":false,"sceneViewState":{"m_AlwaysRefresh":false,"showFog":true,"showSkybox":true,"showFlares":true,"showImageEffects":true,"showParticleSystems":true,"showVisualEffectGraphs":true,"m_FxEnabled":true},"in2DMode":false,"pivot":{"x":-4.37430477142334,"y":0.211013525724411,"z":57.52855682373047},"rotation":{"x":0.044373542070388797,"y":0.02396932989358902,"z":-0.0010638012317940593,"w":0.9987250566482544},"size":40.38593673706055,"orthographic":false}