{"cameraMode":{"drawMode":0,"name":"Shaded","section":"Shading Mode"},"sceneLighting":true,"audioPlay":false,"sceneViewState":{"m_AlwaysRefresh":false,"showFog":true,"showSkybox":true,"showFlares":true,"showImageEffects":true,"showParticleSystems":true,"showVisualEffectGraphs":true,"m_FxEnabled":true},"in2DMode":false,"pivot":{"x":10.713556289672852,"y":0.0437752902507782,"z":-7.376484394073486},"rotation":{"x":0.14780369400978089,"y":-0.04449009522795677,"z":0.00665454613044858,"w":0.9879986047744751},"size":7.333731174468994,"orthographic":false}