{"cameraMode":{"drawMode":0,"name":"Shaded","section":"Shading Mode"},"sceneLighting":true,"audioPlay":false,"sceneViewState":{"m_AlwaysRefresh":false,"showFog":true,"showSkybox":true,"showFlares":true,"showImageEffects":true,"showParticleSystems":true,"showVisualEffectGraphs":true,"m_FxEnabled":true},"in2DMode":false,"pivot":{"x":7.632602691650391,"y":5.607161045074463,"z":-10.755529403686524},"rotation":{"x":0.02189994603395462,"y":0.0014947400195524097,"z":-0.000032570525945629925,"w":0.9997611045837402},"size":18.494354248046876,"orthographic":false}