{"cameraMode":{"drawMode":0,"name":"Shaded","section":"Shading Mode"},"sceneLighting":true,"audioPlay":false,"sceneViewState":{"m_AlwaysRefresh":false,"showFog":true,"showSkybox":true,"showFlares":true,"showImageEffects":true,"showParticleSystems":true,"showVisualEffectGraphs":true,"m_FxEnabled":true},"in2DMode":false,"pivot":{"x":13.060480117797852,"y":3.6446101665496828,"z":-6.334959506988525},"rotation":{"x":0.0029946700669825079,"y":0.059963833540678027,"z":-0.00017985989688895643,"w":0.9981944561004639},"size":16.64411163330078,"orthographic":false}