{"cameraMode":{"drawMode":0,"name":"Shaded","section":"Shading Mode"},"sceneLighting":true,"audioPlay":false,"sceneViewState":{"m_AlwaysRefresh":false,"showFog":true,"showSkybox":true,"showFlares":true,"showImageEffects":true,"showParticleSystems":true,"showVisualEffectGraphs":true,"m_FxEnabled":true},"in2DMode":false,"pivot":{"x":11.478224754333496,"y":-40.222225189208987,"z":-17.379676818847658},"rotation":{"x":0.24310944974422456,"y":0.05670659989118576,"z":-0.014238066971302033,"w":0.9682336449623108},"size":46.22285842895508,"orthographic":false}