{"cameraMode":{"drawMode":0,"name":"Shaded","section":"Shading Mode"},"sceneLighting":true,"audioPlay":false,"sceneViewState":{"m_AlwaysRefresh":false,"showFog":true,"showSkybox":true,"showFlares":true,"showImageEffects":true,"showParticleSystems":true,"showVisualEffectGraphs":true,"m_FxEnabled":true},"in2DMode":false,"pivot":{"x":24.5943603515625,"y":-1.1999998092651368,"z":-6.359697341918945},"rotation":{"x":0.15820105373859406,"y":-0.03997816890478134,"z":0.006410650443285704,"w":0.9865752458572388},"size":13.308135986328125,"orthographic":false}