{"cameraMode":{"drawMode":0,"name":"Shaded","section":"Shading Mode"},"sceneLighting":false,"audioPlay":false,"sceneViewState":{"m_AlwaysRefresh":false,"showFog":true,"showSkybox":false,"showFlares":true,"showImageEffects":true,"showParticleSystems":true,"showVisualEffectGraphs":true,"m_FxEnabled":true},"in2DMode":false,"pivot":{"x":20.078014373779298,"y":4.776673316955566,"z":-9.394683837890625},"rotation":{"x":0.006215146277099848,"y":-0.7438179850578308,"z":0.6683382391929627,"w":0.006911896169185638},"size":2.701231002807617,"orthographic":false}