{"cameraMode":{"drawMode":0,"name":"Shaded","section":"Shading Mode"},"sceneLighting":false,"audioPlay":false,"sceneViewState":{"m_AlwaysRefresh":false,"showFog":true,"showSkybox":false,"showFlares":true,"showImageEffects":true,"showParticleSystems":true,"showVisualEffectGraphs":true,"m_FxEnabled":true},"in2DMode":false,"pivot":{"x":-14.663028717041016,"y":-0.38620316982269289,"z":0.14861154556274415},"rotation":{"x":0.11370644718408585,"y":0.1616881936788559,"z":-0.018758390098810197,"w":0.9800887703895569},"size":4.008987903594971,"orthographic":false}