{"cameraMode":{"drawMode":0,"name":"Shaded","section":"Shading Mode"},"sceneLighting":false,"audioPlay":false,"sceneViewState":{"m_AlwaysRefresh":false,"showFog":true,"showSkybox":false,"showFlares":true,"showImageEffects":true,"showParticleSystems":true,"showVisualEffectGraphs":true,"m_FxEnabled":true},"in2DMode":false,"pivot":{"x":0.6440426707267761,"y":0.7788564562797546,"z":3.869415521621704},"rotation":{"x":0.06850608438253403,"y":-0.857769787311554,"z":0.11860187351703644,"w":0.49545949697494509},"size":1.3105326890945435,"orthographic":false}