{"cameraMode":{"drawMode":0,"name":"Shaded","section":"Shading Mode"},"sceneLighting":true,"audioPlay":false,"sceneViewState":{"m_AlwaysRefresh":false,"showFog":true,"showSkybox":true,"showFlares":true,"showImageEffects":true,"showParticleSystems":true,"showVisualEffectGraphs":true,"m_FxEnabled":true},"in2DMode":false,"pivot":{"x":14.05991268157959,"y":-4.806451797485352,"z":20.038293838500978},"rotation":{"x":0.16610343754291535,"y":-0.21408464014530183,"z":0.036969829350709918,"w":0.9618765115737915},"size":20.65078353881836,"orthographic":true}