{"cameraMode":{"drawMode":0,"name":"Shaded","section":"Shading Mode"},"sceneLighting":true,"audioPlay":false,"sceneViewState":{"m_AlwaysRefresh":false,"showFog":true,"showSkybox":true,"showFlares":true,"showImageEffects":true,"showParticleSystems":true,"showVisualEffectGraphs":true,"m_FxEnabled":true},"in2DMode":false,"pivot":{"x":2.626396417617798,"y":0.6171068549156189,"z":188.84197998046876},"rotation":{"x":0.06366610527038574,"y":0.6581333875656128,"z":-0.05600801482796669,"w":0.7481123208999634},"size":7.316259860992432,"orthographic":false}