{"cameraMode":{"drawMode":0,"name":"Shaded","section":"Shading Mode"},"sceneLighting":true,"audioPlay":false,"sceneViewState":{"m_AlwaysRefresh":false,"showFog":true,"showSkybox":true,"showFlares":true,"showImageEffects":true,"showParticleSystems":true,"showVisualEffectGraphs":true,"m_FxEnabled":true},"in2DMode":false,"pivot":{"x":0.11999988555908203,"y":4.090000152587891,"z":-8.539999961853028},"rotation":{"x":0.06366610527038574,"y":0.6581333875656128,"z":-0.05600801482796669,"w":0.7481123208999634},"size":12.12435531616211,"orthographic":false}