{"cameraMode":{"drawMode":0,"name":"Shaded","section":"Shading Mode"},"sceneLighting":false,"audioPlay":false,"sceneViewState":{"m_AlwaysRefresh":false,"showFog":true,"showSkybox":false,"showFlares":true,"showImageEffects":true,"showParticleSystems":true,"showVisualEffectGraphs":true,"m_FxEnabled":true},"in2DMode":false,"pivot":{"x":9.999998092651368,"y":1.2184057235717774,"z":-0.016342520713806154},"rotation":{"x":0.06532657891511917,"y":-0.026939017698168756,"z":0.001764247310347855,"w":0.9974988698959351},"size":2.514004707336426,"orthographic":false}