{"cameraMode":{"drawMode":0,"name":"Shaded","section":"Shading Mode"},"sceneLighting":false,"audioPlay":false,"sceneViewState":{"m_AlwaysRefresh":false,"showFog":true,"showSkybox":false,"showFlares":true,"showImageEffects":true,"showParticleSystems":true,"showVisualEffectGraphs":true,"m_FxEnabled":true},"in2DMode":false,"pivot":{"x":1.4897818565368653,"y":1.451202392578125,"z":0.016242027282714845},"rotation":{"x":0.06532657891511917,"y":-0.026939017698168756,"z":0.001764247310347855,"w":0.9974988698959351},"size":2.504544973373413,"orthographic":false}