{"cameraMode":{"drawMode":0,"name":"Shaded","section":"Shading Mode"},"sceneLighting":true,"audioPlay":false,"sceneViewState":{"m_AlwaysRefresh":false,"showFog":true,"showSkybox":true,"showFlares":true,"showImageEffects":true,"showParticleSystems":true,"showVisualEffectGraphs":true,"m_FxEnabled":true},"in2DMode":false,"pivot":{"x":-4.280479431152344,"y":-0.4670999050140381,"z":2.5327610969543459},"rotation":{"x":0.029382595792412759,"y":0.2010284662246704,"z":-0.00603265967220068,"w":0.9791247844696045},"size":10.107261657714844,"orthographic":false}