{"cameraMode":{"drawMode":0,"name":"Shaded","section":"Shading Mode"},"sceneLighting":true,"audioPlay":false,"sceneViewState":{"m_AlwaysRefresh":false,"showFog":true,"showSkybox":true,"showFlares":true,"showImageEffects":true,"showParticleSystems":true,"showVisualEffectGraphs":true,"m_FxEnabled":true},"in2DMode":false,"pivot":{"x":-2.1042592525482179,"y":0.5583369135856628,"z":-0.21079714596271516},"rotation":{"x":0.17383894324302674,"y":0.4048364460468292,"z":-0.0786980539560318,"w":0.8942573666572571},"size":2.845808744430542,"orthographic":false}