{"cameraMode":{"drawMode":0,"name":"Shaded","section":"Shading Mode"},"sceneLighting":true,"audioPlay":false,"sceneViewState":{"m_AlwaysRefresh":false,"showFog":true,"showSkybox":true,"showFlares":true,"showImageEffects":true,"showParticleSystems":true,"showVisualEffectGraphs":true,"m_FxEnabled":true},"in2DMode":false,"pivot":{"x":23.261756896972658,"y":-3.0415046215057375,"z":2.0436744689941408},"rotation":{"x":0.1620691418647766,"y":0.09162726998329163,"z":-0.015116029419004918,"w":0.9823999404907227},"size":8.960124015808106,"orthographic":false}