{"cameraMode":{"drawMode":0,"name":"Shaded","section":"Shading Mode"},"sceneLighting":false,"audioPlay":false,"sceneViewState":{"m_AlwaysRefresh":false,"showFog":true,"showSkybox":false,"showFlares":true,"showImageEffects":true,"showParticleSystems":true,"showVisualEffectGraphs":true,"m_FxEnabled":true},"in2DMode":false,"pivot":{"x":-2.2684836387634279,"y":0.00006490945816040039,"z":-0.5021228790283203},"rotation":{"x":0.43201375007629397,"y":0.3816366195678711,"z":-0.208685502409935,"w":0.790047287940979},"size":2.721757411956787,"orthographic":false}